Workbook

Sheet 1. Ringkasan
A1: 1. Informasi Umum Proyek
A2: Komponen | B2: Keterangan
A3: Judul Proyek | B3: Eksperimen Segmentasi U-Net dan Klasifikasi Lesi Kanker Kulit (3 Kelas)
A4: Tujuan Utama | B4: Mencari alur kerja dan model terbaik untuk mendeteksi melanoma dengan target akurasi di atas 80%.
A5: Kelas Penyakit | B5: Melanoma (kanker ganas), Nevus (tahi lalat jinak), dan Seborrheic Keratosis (benjolan jinak).
A6: Sumber Data | B6: Gabungan HAM10000 dan ISIC 2019 (irisan 3 kelas: nevus, melanoma, seborrheic keratosis): 24.466 citra (train 19.713 / val 2.410 / test 2.343). Evaluasi akhir memakai 2.343 citra data uji terpisah.
A7: Metode Kunci | B7: Hair removal → crop area lesi dari mask U-Net (bounding box + padding 15%) → CLAHE → resize 224×224 (256×256 pada EXP 2) sebelum masuk ke model klasifikasi. U-Net ResNet-34: Val Dice 0.9368.
A8: Model Terbaik | B8: =INDEX('5. Hasil Akurasi'!A2:A7,MATCH(MAX('5. Hasil Akurasi'!B2:B7),'5. Hasil Akurasi'!B2:B7,0))&" (EfficientNetV2-S, input 224×224): akurasi "&TEXT(MAX('5. Hasil Akurasi'!B2:B7),"0.00%")&", Macro-F1 "&TEXT(INDEX('5. Hasil Akurasi'!E2:E7,MATCH(MAX('5. Hasil Akurasi'!B2:B7),'5. Hasil Akurasi'!B2:B7,0)),"0.0000")&". Terbaik di antara varian ResNet-50: "&INDEX('5. Hasil Akurasi'!A3:A6,MATCH(MAX('5. Hasil Akurasi'!B3:B6),'5. Hasil Akurasi'!B3:B6,0))&" ("&TEXT(MAX('5. Hasil Akurasi'!B3:B6),"0.00%")&"). Selisih antar model kecil (margin kesalahan ±1.6 pp pada n=2.343, satu kali run)." -> EXP 5-A (EfficientNetV2-S, input 224×224): akurasi 082%, Macro-F1 00.001. Terbaik di antara varian ResNet-50: Baseline (081%). Selisih antar model kecil (margin kesalahan ±1.6 pp pada n=2.343, satu kali run).
A10: 2. Ringkasan Capaian Utama
A11: Metrik Evaluasi | B11: Hasil & Catatan
A12: Akurasi Tertinggi | B12: =TEXT(MAX('5. Hasil Akurasi'!B2:B7),"0.00%")&" (Dicapai pada "&INDEX('5. Hasil Akurasi'!A2:A7,MATCH(MAX('5. Hasil Akurasi'!B2:B7),'5. Hasil Akurasi'!B2:B7,0))&")" -> 082% (Dicapai pada EXP 5-A)
A13: Akurasi Terendah | B13: =TEXT(MIN('5. Hasil Akurasi'!B2:B7),"0.00%")&" (Pada "&INDEX('5. Hasil Akurasi'!A2:A7,MATCH(MIN('5. Hasil Akurasi'!B2:B7),'5. Hasil Akurasi'!B2:B7,0))&"; presisi Seborrheic Keratosis hanya "&TEXT('6. Per Kelas'!C5,"0.0%")&" karena banyak nevus diprediksi sebagai SK)" -> 065% (Pada Eksperimen Awal; presisi Seborrheic Keratosis hanya 33% karena banyak nevus diprediksi sebagai SK)
A14: Recall Melanoma Terbaik | B14: =TEXT(MAX('5. Hasil Akurasi'!F2:F7),"0.0%")&" (Dicapai pada "&INDEX('5. Hasil Akurasi'!A2:A7,MATCH(MAX('5. Hasil Akurasi'!F2:F7),'5. Hasil Akurasi'!F2:F7,0))&": "&ROUND(MAX('5. Hasil Akurasi'!F2:F7)*'6. Per Kelas'!F3,0)&" dari "&'6. Per Kelas'!F3&" citra melanoma terdeteksi benar; naik dari "&TEXT('5. Hasil Akurasi'!F2,"0.0%")&" pada Eksperimen Awal)" -> 61% (Dicapai pada EXP 2: 327 dari 540 citra melanoma terdeteksi benar; naik dari 47% pada Eksperimen Awal)
A15: Recall Keratosis Terbaik | B15: =TEXT(MAX('5. Hasil Akurasi'!G2:G7),"0.0%")&" (Tertinggi pada "&INDEX('5. Hasil Akurasi'!A2:A7,MATCH(MAX('5. Hasil Akurasi'!G2:G7),'5. Hasil Akurasi'!G2:G7,0))&", tetapi dengan presisi rendah; tertinggi pada model lain: "&TEXT(MAX('5. Hasil Akurasi'!G3:G7),"0.0%")&" pada "&INDEX('5. Hasil Akurasi'!A3:A7,MATCH(MAX('5. Hasil Akurasi'!G3:G7),'5. Hasil Akurasi'!G3:G7,0))&")" -> 78% (Tertinggi pada Eksperimen Awal, tetapi dengan presisi rendah; tertinggi pada model lain: 73% pada EXP 5-A)

Sheet 2. Dataset
A1: Sebaran Data Pengujian (Test Set Independen)
A2: Nama Penyakit | B2: Jenis Lesi | C2: Jumlah Gambar | D2: Porsi (%) | E2: Keterangan Praktis
A3: Melanoma | B3: Kanker ganas | C3: 540 | D3: =C3/$C$6 -> 0.23047375 | E3: Jumlahnya sedikit tapi paling berbahaya. Fokus utama agar tidak lolos (recall tinggi).
A4: Nevus | B4: Tahi lalat jinak | C4: 1491 | D4: =C4/$C$6 -> 0.63636364 | E4: Jumlahnya paling banyak dan dominan. Model mudah bias menebak kelas ini.
A5: Seborrheic Keratosis | B5: Benjolan kulit jinak | C5: 312 | D5: =C5/$C$6 -> 0.13316261 | E5: Jumlah paling sedikit. Recall kelas ini bervariasi 59.6%–78.2% antar model (Sheet 6).
A6: Total Gambar Uji | B6: - | C6: =SUM(C3:C5) -> 2343 | D6: =SUM(D3:D5) -> 1 | E6: Data uji yang tidak dipakai saat pelatihan; split resmi bebas kebocoran (asersi tanpa irisan ID antar split di kode).
A8: Sebaran Seluruh Dataset (HAM10000 + ISIC 2019, irisan 3 kelas)
A9: Nama Penyakit | B9: Train | C9: Val | D9: Test | E9: Total (Porsi dari seluruh data)
A10: Melanoma | B10: 4705 | C10: 594 | D10: 540 | E10: =TEXT(SUM(B10:D10),"#,##0")&" ("&TEXT(SUM(B10:D10)/$E$13,"0.00%")&")" -> 5839,0 (024%)
A11: Nevus | B11: 12404 | C11: 1462 | D11: 1491 | E11: =TEXT(SUM(B11:D11),"#,##0")&" ("&TEXT(SUM(B11:D11)/$E$13,"0.00%")&")" -> 15357,0 (063%)
A12: Seborrheic Keratosis | B12: 2604 | C12: 354 | D12: 312 | E12: =TEXT(SUM(B12:D12),"#,##0")&" ("&TEXT(SUM(B12:D12)/$E$13,"0.00%")&")" -> 3270,0 (013%)
A13: Total | B13: =SUM(B10:B12) -> 19713 | C13: =SUM(C10:C12) -> 2410 | D13: =SUM(D10:D12) -> 2343 | E13: =SUM(B13:D13) -> 24466

Sheet 3. Metodologi
A1: No | B1: Tahap Alur Kerja | C1: Alat / Model | D1: Pengaturan & Konfigurasi | E1: Tujuan Proses
A2: 1 | B2: Segmentasi Lesi | C2: U-Net (encoder ResNet-34, pretrained ImageNet) | D2: Loss BCE + (1 − Dice), AdamW lr 1e-3, 15 epoch, input 256×256, batch 32. Dilatih dari mask HAM10000 (8.007 train / 981 val; 1.025 data test diisolasi). Val Dice terbaik 0.9368, Val IoU 0.8817 (epoch 13). Mask pseudo dibuat untuk 33.569 citra ISIC 2019. | E2: Mencari letak dan batas tepi lesi pada kulit.
A3: 2 | B3: Penghilangan Rambut & Peningkatan Kontras | C3: OpenCV (black-hat + inpainting, CLAHE) | D3: Hair removal: black-hat → threshold 10 → dilasi → inpainting Telea. CLAHE pada kanal L (LAB), clipLimit 2.0, tile 8×8. | E3: Membersihkan rambut dan mempertajam tekstur lesi.
A4: 3 | B4: Pemotongan Gambar (Crop ROI) | C4: Bounding box dari mask + OpenCV | D4: Bounding box lesi dari mask (closing 5×5) + padding 15%, lalu letterbox (reflect) dan resize ke 224×224 (256×256 pada EXP 2). | E4: Membuang latar yang tidak relevan dan menjaga proporsi lesi.
A5: 4 | B5: Augmentasi Data Latih | C5: Keras ImageDataGenerator | D5: Baseline/EXP 3/EXP 5-A: rotasi ±15°, brightness 0.7–1.3, zoom 0.15, shift 0.1, flip H/V. EXP 1 & EXP 2: rotasi ±10°, zoom 0.10, shift 0.05, flip H/V, tanpa brightness. Val/test tidak diaugmentasi. | E5: Menambah variasi bentuk saat latihan.
A6: 5 | B6: Pelatihan Klasifikasi | C6: ResNet-50 (pretrained) + Triplet Attention; EfficientNetV2-S pada EXP 5-A | D6: Fase 1: warm-up head 5 epoch, AdamW lr 1e-4. Fase 2: fine-tune 25 epoch, AdamW lr 1.5e-5, buka blok conv4–conv5 (BatchNorm dibekukan). Loss Cross-Entropy + label smoothing 0.05. Head: GAP + GMP (+ fitur Triplet Attention conv4 pada ResNet-50) → BatchNorm → Dense 256 (L2 1e-4, Dropout 0.35) → Dense 128 (Dropout 0.25) → softmax 3 kelas. Batch 256 (ResNet-50), 128 (EXP 5-A). | E6: Memprediksi Melanoma, Nevus, atau Seborrheic Keratosis.
A7: 6 | B7: Pemilihan Model Terbaik | C7: Early Stopping, ReduceLROnPlateau, ModelCheckpoint | D7: Monitor val_pr_auc (EarlyStopping patience 8, restore best weights; checkpoint simpan PR-AUC tertinggi); ReduceLROnPlateau pada val_loss (faktor 0.5, patience 3). Skor seleksi internal = rata-rata (Akurasi, Macro-F1, Recall Melanoma, Recall SK) pada test set. | E7: Menyimpan checkpoint saat model optimal membedakan kelas minoritas.

Sheet 4. Eksperimen
A1: No | B1: Nama Eksperimen | C1: Perubahan / Pengaturan | D1: Akurasi Test | E1: Catatan Hasil | F1: Waktu Latih (menit)
A2: 1 | B2: Eksperimen Awal (Notebook 01) | C2: ROI crop U-Net 224×224, ResNet-50 + Triplet Attention. Output mencatat class weight balanced (Mel 1.40; Nevus 0.53; SK 2.52). Notebook dinamai 'focalloss', tetapi kode tersimpan memakai Cross-Entropy + label smoothing 0.05, jadi jenis loss run ini tidak dapat diverifikasi dari kode. | D2: ='5. Hasil Akurasi'!B2 -> 0.65130175 | E2: Akurasi terendah. Recall SK 78.2% tetapi presisi SK hanya 33.0%: 326 citra nevus salah diprediksi SK. Recall melanoma 47.2%. | F2: n/a
A3: 2 | B3: Baseline (Notebook 02) | C3: ROI crop U-Net (padding 15%) 224×224, ResNet-50 + Triplet Attention (conv4, fitur di-concat), Cross-Entropy + label smoothing 0.05 tanpa class weight pada fit. Augmentasi: rotasi ±15°, brightness 0.7–1.3, zoom 0.15, shift 0.1, flip H/V. Training 2 fase (5 epoch warm-up + 25 epoch fine-tune conv4–conv5, AdamW). | D3: ='5. Hasil Akurasi'!B3 -> 0.81092616 | E3: Akurasi tertinggi di antara varian ResNet-50. Macro-F1 0.7352; recall melanoma 58.7%, SK 66.3%. | F3: 42.33
A4: 3 | B4: EXP 1 (Notebook 03) | C4: Baseline dengan augmentasi lebih ringan: rotasi ±10°, zoom 0.10, shift 0.05, flip H/V, tanpa brightness. | D4: ='5. Hasil Akurasi'!B4 -> 0.80495092 | E4: −0.60 pp vs Baseline. Recall SK naik ke 69.6%, recall melanoma turun ke 56.9%. Skor seleksi 0.6997. | F4: 26.04
A5: 4 | B5: EXP 2 (Notebook 04) | C5: EXP 1 dengan resolusi input 256×256 (satu-satunya variabel yang diubah menurut komentar kode). | D5: ='5. Hasil Akurasi'!B5 -> 0.80793854 | E5: +0.30 pp vs EXP 1. Recall melanoma 60.6% (tertinggi di antara semua model), SK 71.2%. Skor seleksi 0.7159. Waktu latih ±2× EXP 1. | F5: 51.88
A6: 5 | B6: EXP 3 (Notebook 05) | C6: Dual-stream: dua input (ROI crop + full image, keduanya 224×224) lewat satu backbone ResNet-50 berbagi bobot; fitur kedua stream (10.240 dimensi) digabung sebelum head klasifikasi. | D6: ='5. Hasil Akurasi'!B6 -> 0.80751174 | E6: −0.34 pp vs Baseline. Recall nevus tertinggi (94.2%) tetapi recall melanoma 55.9% dan SK 59.6% turun. Early stopping di epoch 22 (bobot terbaik epoch 14). | F6: 36.41
A7: 6 | B7: EXP 5-A (Notebook 06) | C7: Backbone diganti EfficientNetV2-S (pretrained ImageNet), head baseline (GAP + GMP, tanpa Triplet Attention), input 224×224, batch 128, augmentasi seperti Baseline. Nama file notebook ini 'exp4_resnet50_truetriplet', tetapi isi kode dan outputnya adalah EfficientNetV2-S. | D7: ='5. Hasil Akurasi'!B7 -> 0.82074264 | E7: Akurasi tertinggi seluruh eksperimen (+0.98 pp vs Baseline). Macro-F1 0.7484; recall melanoma 58.3%, SK 73.4%. Skor seleksi 0.7216. | F7: 42.51
A8: 7 | F8: n/a

Sheet 5. Hasil Akurasi
A1: Tahap Eksperimen | B1: Akurasi Test (%) | C1: Pembanding | D1: Selisih vs Pembanding | E1: Macro-F1 | F1: Recall Melanoma | G1: Recall SK | H1: Ringkasan Perubahan
A2: Eksperimen Awal | B2: =('7. Confusion Matrix'!B3+'7. Confusion Matrix'!C4+'7. Confusion Matrix'!D5)/SUM('7. Confusion Matrix'!E3:E5) -> 0.65130175 | C2: - | D2: - | E2: =AVERAGE('6. Per Kelas'!E3:E5) -> 0.5866907 | F2: ='6. Per Kelas'!D3 -> 0.47222222 | G2: ='6. Per Kelas'!D5 -> 0.78205128 | H2: Run awal: class weight balanced (Mel 1.40; Nevus 0.53; SK 2.52) pada pipeline ROI crop U-Net
A3: Baseline | B3: =('7. Confusion Matrix'!B9+'7. Confusion Matrix'!C10+'7. Confusion Matrix'!D11)/SUM('7. Confusion Matrix'!E9:E11) -> 0.81092616 | C3: =A2 -> Eksperimen Awal | D3: =(B3-B2)*100 -> 15.962441 | E3: =AVERAGE('6. Per Kelas'!E6:E8) -> 0.73519242 | F3: ='6. Per Kelas'!D6 -> 0.58703704 | G3: ='6. Per Kelas'!D8 -> 0.66346154 | H3: Crop ROI U-Net 224×224, ResNet-50 + Triplet Attention, tanpa class weight, augmentasi rotasi ±15°/brightness/zoom 0.15
A4: EXP 1 | B4: =('7. Confusion Matrix'!B15+'7. Confusion Matrix'!C16+'7. Confusion Matrix'!D17)/SUM('7. Confusion Matrix'!E15:E17) -> 0.80495092 | C4: =A3 -> Baseline | D4: =(B4-B3)*100 -> -0.59752454 | E4: =AVERAGE('6. Per Kelas'!E9:E11) -> 0.72995432 | F4: ='6. Per Kelas'!D9 -> 0.56851852 | G4: ='6. Per Kelas'!D11 -> 0.69551282 | H4: Augmentasi diperingan: rotasi ±10°, zoom 0.10, shift 0.05, tanpa brightness
A5: EXP 2 | B5: =('7. Confusion Matrix'!B21+'7. Confusion Matrix'!C22+'7. Confusion Matrix'!D23)/SUM('7. Confusion Matrix'!E21:E23) -> 0.80793854 | C5: =A4 -> EXP 1 | D5: =(B5-B4)*100 -> 0.29876227 | E5: =AVERAGE('6. Per Kelas'!E12:E14) -> 0.73870887 | F5: ='6. Per Kelas'!D12 -> 0.60555556 | G5: ='6. Per Kelas'!D14 -> 0.71153846 | H5: Resolusi input dinaikkan 224×224 → 256×256 (augmentasi sama dengan EXP 1)
A6: EXP 3 | B6: =('7. Confusion Matrix'!B27+'7. Confusion Matrix'!C28+'7. Confusion Matrix'!D29)/SUM('7. Confusion Matrix'!E27:E29) -> 0.80751174 | C6: =A3 -> Baseline | D6: =(B6-B3)*100 -> -0.34144259 | E6: =AVERAGE('6. Per Kelas'!E15:E17) -> 0.72244727 | F6: ='6. Per Kelas'!D15 -> 0.55925926 | G6: ='6. Per Kelas'!D17 -> 0.59615385 | H6: Dual-stream: dua input (ROI + full image) dengan backbone ResNet-50 berbagi bobot, fitur digabung
A7: EXP 5-A | B7: =('7. Confusion Matrix'!B33+'7. Confusion Matrix'!C34+'7. Confusion Matrix'!D35)/SUM('7. Confusion Matrix'!E33:E35) -> 0.82074264 | C7: =A3 -> Baseline | D7: =(B7-B3)*100 -> 0.98164746 | E7: =AVERAGE('6. Per Kelas'!E18:E20) -> 0.74841373 | F7: ='6. Per Kelas'!D18 -> 0.58333333 | G7: ='6. Per Kelas'!D20 -> 0.73397436 | H7: Backbone diganti EfficientNetV2-S (head baseline, input 224×224, batch 128)

Sheet 6. Per Kelas
A1: Perbandingan Performa per Kelas pada Data Uji (Test Set) — dihitung dari Confusion Matrix (Sheet 7)
A2: Model | B2: Kelas | C2: Presisi | D2: Recall | E2: F1-Score | F2: Support | G2: Catatan
A3: Eksperimen Awal | B3: Melanoma | C3: ='7. Confusion Matrix'!B3/SUM('7. Confusion Matrix'!B3:B5) -> 0.58891455 | D3: ='7. Confusion Matrix'!B3/'7. Confusion Matrix'!E3 -> 0.47222222 | E3: =IF(C3+D3=0,0,2*C3*D3/(C3+D3)) -> 0.52415211 | F3: ='7. Confusion Matrix'!E3 -> 540 | G3: Recall terendah dari semua model (47.2%); 169 citra melanoma diprediksi SK.
A4: Eksperimen Awal | B4: Nevus | C4: ='7. Confusion Matrix'!C4/SUM('7. Confusion Matrix'!C3:C5) -> 0.87702818 | D4: ='7. Confusion Matrix'!C4/'7. Confusion Matrix'!E4 -> 0.68879946 | E4: =IF(C4+D4=0,0,2*C4*D4/(C4+D4)) -> 0.7716003 | F4: ='7. Confusion Matrix'!E4 -> 1491 | G4: Recall nevus hanya 68.9%: 326 citra nevus salah diprediksi SK dan 138 sebagai melanoma.
A5: Eksperimen Awal | B5: Seborrheic Keratosis | C5: ='7. Confusion Matrix'!D5/SUM('7. Confusion Matrix'!D3:D5) -> 0.33017591 | D5: ='7. Confusion Matrix'!D5/'7. Confusion Matrix'!E5 -> 0.78205128 | E5: =IF(C5+D5=0,0,2*C5*D5/(C5+D5)) -> 0.4643197 | F5: ='7. Confusion Matrix'!E5 -> 312 | G5: Recall tertinggi dari semua model (78.2%) tetapi presisi hanya 33.0%.
A6: Baseline | B6: Melanoma | C6: ='7. Confusion Matrix'!B9/SUM('7. Confusion Matrix'!B9:B11) -> 0.73041475 | D6: ='7. Confusion Matrix'!B9/'7. Confusion Matrix'!E9 -> 0.58703704 | E6: =IF(C6+D6=0,0,2*C6*D6/(C6+D6)) -> 0.65092402 | F6: ='7. Confusion Matrix'!E9 -> 540 | G6: Presisi 73.0%, recall 58.7% (acuan pembanding EXP 1, EXP 3, EXP 5-A).
A7: Baseline | B7: Nevus | C7: ='7. Confusion Matrix'!C10/SUM('7. Confusion Matrix'!C9:C11) -> 0.86161553 | D7: ='7. Confusion Matrix'!C10/'7. Confusion Matrix'!E10 -> 0.92287056 | E7: =IF(C7+D7=0,0,2*C7*D7/(C7+D7)) -> 0.89119171 | F7: ='7. Confusion Matrix'!E10 -> 1491 | G7: Presisi 86.2%, recall 92.3% (acuan pembanding EXP 1, EXP 3, EXP 5-A).
A8: Baseline | B8: Seborrheic Keratosis | C8: ='7. Confusion Matrix'!D11/SUM('7. Confusion Matrix'!D9:D11) -> 0.66346154 | D8: ='7. Confusion Matrix'!D11/'7. Confusion Matrix'!E11 -> 0.66346154 | E8: =IF(C8+D8=0,0,2*C8*D8/(C8+D8)) -> 0.66346154 | F8: ='7. Confusion Matrix'!E11 -> 312 | G8: Presisi 66.3%, recall 66.3% (acuan pembanding EXP 1, EXP 3, EXP 5-A).
A9: EXP 1 | B9: Melanoma | C9: ='7. Confusion Matrix'!B15/SUM('7. Confusion Matrix'!B15:B17) -> 0.72065728 | D9: ='7. Confusion Matrix'!B15/'7. Confusion Matrix'!E15 -> 0.56851852 | E9: =IF(C9+D9=0,0,2*C9*D9/(C9+D9)) -> 0.63561077 | F9: ='7. Confusion Matrix'!E15 -> 540 | G9: Recall 56.9% (-1.9 pp vs Baseline); presisi 72.1% (-1.0 pp).
A10: EXP 1 | B10: Nevus | C10: ='7. Confusion Matrix'!C16/SUM('7. Confusion Matrix'!C15:C17) -> 0.86311787 | D10: ='7. Confusion Matrix'!C16/'7. Confusion Matrix'!E16 -> 0.91348089 | E10: =IF(C10+D10=0,0,2*C10*D10/(C10+D10)) -> 0.88758553 | F10: ='7. Confusion Matrix'!E16 -> 1491 | G10: Recall 91.3% (-0.9 pp vs Baseline); presisi 86.3% (+0.2 pp).
A11: EXP 1 | B11: Seborrheic Keratosis | C11: ='7. Confusion Matrix'!D17/SUM('7. Confusion Matrix'!D15:D17) -> 0.64011799 | D11: ='7. Confusion Matrix'!D17/'7. Confusion Matrix'!E17 -> 0.69551282 | E11: =IF(C11+D11=0,0,2*C11*D11/(C11+D11)) -> 0.66666667 | F11: ='7. Confusion Matrix'!E17 -> 312 | G11: Recall 69.6% (+3.2 pp vs Baseline); presisi 64.0% (-2.3 pp).
A12: EXP 2 | B12: Melanoma | C12: ='7. Confusion Matrix'!B21/SUM('7. Confusion Matrix'!B21:B23) -> 0.70932755 | D12: ='7. Confusion Matrix'!B21/'7. Confusion Matrix'!E21 -> 0.60555556 | E12: =IF(C12+D12=0,0,2*C12*D12/(C12+D12)) -> 0.65334665 | F12: ='7. Confusion Matrix'!E21 -> 540 | G12: Recall 60.6% (+3.7 pp vs EXP 1); presisi 70.9% (-1.1 pp). Recall tertinggi di antara semua model.
A13: EXP 2 | B13: Nevus | C13: ='7. Confusion Matrix'!C22/SUM('7. Confusion Matrix'!C21:C23) -> 0.875 | D13: ='7. Confusion Matrix'!C22/'7. Confusion Matrix'!E22 -> 0.90140845 | E13: =IF(C13+D13=0,0,2*C13*D13/(C13+D13)) -> 0.88800793 | F13: ='7. Confusion Matrix'!E22 -> 1491 | G13: Recall 90.1% (-1.2 pp vs EXP 1); presisi 87.5% (+1.2 pp).
A14: EXP 2 | B14: Seborrheic Keratosis | C14: ='7. Confusion Matrix'!D23/SUM('7. Confusion Matrix'!D21:D23) -> 0.6416185 | D14: ='7. Confusion Matrix'!D23/'7. Confusion Matrix'!E23 -> 0.71153846 | E14: =IF(C14+D14=0,0,2*C14*D14/(C14+D14)) -> 0.67477204 | F14: ='7. Confusion Matrix'!E23 -> 312 | G14: Recall 71.2% (+1.6 pp vs EXP 1); presisi 64.2% (+0.2 pp).
A15: EXP 3 | B15: Melanoma | C15: ='7. Confusion Matrix'!B27/SUM('7. Confusion Matrix'!B27:B29) -> 0.73479319 | D15: ='7. Confusion Matrix'!B27/'7. Confusion Matrix'!E27 -> 0.55925926 | E15: =IF(C15+D15=0,0,2*C15*D15/(C15+D15)) -> 0.63512093 | F15: ='7. Confusion Matrix'!E27 -> 540 | G15: Recall 55.9% (-2.8 pp vs Baseline); presisi 73.5% (+0.4 pp).
A16: EXP 3 | B16: Nevus | C16: ='7. Confusion Matrix'!C28/SUM('7. Confusion Matrix'!C27:C29) -> 0.84324324 | D16: ='7. Confusion Matrix'!C28/'7. Confusion Matrix'!E28 -> 0.9416499 | E16: =IF(C16+D16=0,0,2*C16*D16/(C16+D16)) -> 0.88973384 | F16: ='7. Confusion Matrix'!E28 -> 1491 | G16: Recall 94.2% (+1.9 pp vs Baseline); presisi 84.3% (-1.8 pp). Recall tertinggi di antara semua model.
A17: EXP 3 | B17: Seborrheic Keratosis | C17: ='7. Confusion Matrix'!D29/SUM('7. Confusion Matrix'!D27:D29) -> 0.69662921 | D17: ='7. Confusion Matrix'!D29/'7. Confusion Matrix'!E29 -> 0.59615385 | E17: =IF(C17+D17=0,0,2*C17*D17/(C17+D17)) -> 0.64248705 | F17: ='7. Confusion Matrix'!E29 -> 312 | G17: Recall 59.6% (-6.7 pp vs Baseline); presisi 69.7% (+3.3 pp).
A18: EXP 5-A | B18: Melanoma | C18: ='7. Confusion Matrix'!B33/SUM('7. Confusion Matrix'!B33:B35) -> 0.77017115 | D18: ='7. Confusion Matrix'!B33/'7. Confusion Matrix'!E33 -> 0.58333333 | E18: =IF(C18+D18=0,0,2*C18*D18/(C18+D18)) -> 0.66385669 | F18: ='7. Confusion Matrix'!E33 -> 540 | G18: Recall 58.3% (-0.4 pp vs Baseline); presisi 77.0% (+4.0 pp).
A19: EXP 5-A | B19: Nevus | C19: ='7. Confusion Matrix'!C34/SUM('7. Confusion Matrix'!C33:C35) -> 0.87611182 | D19: ='7. Confusion Matrix'!C34/'7. Confusion Matrix'!E34 -> 0.92488263 | E19: =IF(C19+D19=0,0,2*C19*D19/(C19+D19)) -> 0.89983687 | F19: ='7. Confusion Matrix'!E34 -> 1491 | G19: Recall 92.5% (+0.2 pp vs Baseline); presisi 87.6% (+1.4 pp).
A20: EXP 5-A | B20: Seborrheic Keratosis | C20: ='7. Confusion Matrix'!D35/SUM('7. Confusion Matrix'!D33:D35) -> 0.63611111 | D20: ='7. Confusion Matrix'!D35/'7. Confusion Matrix'!E35 -> 0.73397436 | E20: =IF(C20+D20=0,0,2*C20*D20/(C20+D20)) -> 0.68154762 | F20: ='7. Confusion Matrix'!E35 -> 312 | G20: Recall 73.4% (+7.1 pp vs Baseline); presisi 63.6% (-2.7 pp).

Sheet 7. Confusion Matrix
A1: Model: Eksperimen Awal — Test Set (2.343 citra) — sumber: notebook 01_exp_awal_focalloss_ak65
A2: Label Asli \ Tebakan | B2: Tebak: Melanoma | C2: Tebak: Nevus | D2: Tebak: Keratosis (SK) | E2: Total Aktual
A3: Melanoma | B3: 255 | C3: 116 | D3: 169 | E3: =SUM(B3:D3) -> 540
A4: Nevus | B4: 138 | C4: 1027 | D4: 326 | E4: =SUM(B4:D4) -> 1491
A5: Seborrheic Keratosis | B5: 40 | C5: 28 | D5: 244 | E5: =SUM(B5:D5) -> 312
A7: Model: Baseline — Test Set (2.343 citra) — sumber: notebook 02_baseline_resnet50_roi_ak81
A8: Label Asli \ Tebakan | B8: Tebak: Melanoma | C8: Tebak: Nevus | D8: Tebak: Keratosis (SK) | E8: Total Aktual
A9: Melanoma | B9: 317 | C9: 166 | D9: 57 | E9: =SUM(B9:D9) -> 540
A10: Nevus | B10: 67 | C10: 1376 | D10: 48 | E10: =SUM(B10:D10) -> 1491
A11: Seborrheic Keratosis | B11: 50 | C11: 55 | D11: 207 | E11: =SUM(B11:D11) -> 312
A13: Model: EXP 1 — Test Set (2.343 citra) — sumber: notebook 03_exp1_resnet50_augmentasi
A14: Label Asli \ Tebakan | B14: Tebak: Melanoma | C14: Tebak: Nevus | D14: Tebak: Keratosis (SK) | E14: Total Aktual
A15: Melanoma | B15: 307 | C15: 170 | D15: 63 | E15: =SUM(B15:D15) -> 540
A16: Nevus | B16: 70 | C16: 1362 | D16: 59 | E16: =SUM(B16:D16) -> 1491
A17: Seborrheic Keratosis | B17: 49 | C17: 46 | D17: 217 | E17: =SUM(B17:D17) -> 312
A19: Model: EXP 2 — Test Set (2.343 citra) — sumber: notebook 04_exp2_resnet50_resolusi256
A20: Label Asli \ Tebakan | B20: Tebak: Melanoma | C20: Tebak: Nevus | D20: Tebak: Keratosis (SK) | E20: Total Aktual
A21: Melanoma | B21: 327 | C21: 154 | D21: 59 | E21: =SUM(B21:D21) -> 540
A22: Nevus | B22: 82 | C22: 1344 | D22: 65 | E22: =SUM(B22:D22) -> 1491
A23: Seborrheic Keratosis | B23: 52 | C23: 38 | D23: 222 | E23: =SUM(B23:D23) -> 312
A25: Model: EXP 3 — Test Set (2.343 citra) — sumber: notebook 05_exp3_resnet50_dualstream
A26: Label Asli \ Tebakan | B26: Tebak: Melanoma | C26: Tebak: Nevus | D26: Tebak: Keratosis (SK) | E26: Total Aktual
A27: Melanoma | B27: 302 | C27: 191 | D27: 47 | E27: =SUM(B27:D27) -> 540
A28: Nevus | B28: 53 | C28: 1404 | D28: 34 | E28: =SUM(B28:D28) -> 1491
A29: Seborrheic Keratosis | B29: 56 | C29: 70 | D29: 186 | E29: =SUM(B29:D29) -> 312
A31: Model: EXP 5-A — Test Set (2.343 citra) — sumber: notebook 06 (isi: EfficientNetV2-S)
A32: Label Asli \ Tebakan | B32: Tebak: Melanoma | C32: Tebak: Nevus | D32: Tebak: Keratosis (SK) | E32: Total Aktual
A33: Melanoma | B33: 315 | C33: 150 | D33: 75 | E33: =SUM(B33:D33) -> 540
A34: Nevus | B34: 56 | C34: 1379 | D34: 56 | E34: =SUM(B34:D34) -> 1491
A35: Seborrheic Keratosis | B35: 38 | C35: 45 | D35: 229 | E35: =SUM(B35:D35) -> 312
A37: Catatan: angka dibaca dari gambar confusion matrix (Test Set) pada output notebook. Diagonal (hijau) = prediksi benar.

Sheet 8. Grafik
